{"cameraMode":{"drawMode":0,"name":"Shaded","section":"Shading Mode"},"sceneLighting":true,"audioPlay":false,"sceneViewState":{"showFog":true,"showMaterialUpdate":false,"showSkybox":true,"showFlares":true,"showImageEffects":true,"showParticleSystems":true},"in2DMode":false,"pivot":{"x":-283.708740234375,"y":-450.1229553222656,"z":991.8704223632813},"rotation":{"x":0.20353852212429048,"y":-0.13608312606811524,"z":0.028581839054822923,"w":0.9691435694694519},"size":1142.2669677734375,"orthographic":false}